Food (food, All)
Acai Bowls (acaibowls, [AT, AU, BE, BR, CA, CH, CZ, DE, DK, ES, FI, FR, GB, HK, IE, JP, MY, NL, NO, NZ, PH, PT, SE, SG, TW, US])
Backshop (backshop, [DE, AT, CH])
Bagels (bagels, [AR, AT, BE, BR, CA, CH, CL, CZ, DE, DK, FI, FR, GB, HK, IE, IT, JP, MX, MY, NL, NO, NZ, PH, PL, PT, SE, SG, TR, TW, US])
Bakeries (bakeries, All)
Beer, Wine & Spirits (beer_and_wine, All)
Bento (bento, [JP])
Beverage Store (beverage_stores, [AT, ES, DE, NL, AU, TR, CL, IT, CH, PT, BE, US])
Breweries (breweries, All)
Brewpubs (brewpubs, [AT, AU, BE, BR, CA, CH, CZ, DE, DK, FI, GB, HK, IE, JP, MY, NL, NO, NZ, PH, PL, PT, SE, SG, TR, TW, US])
Bubble Tea (bubbletea, [AU, BE, BR, CA, CL, CZ, DE, DK, FI, FR, GB, HK, IE, IT, JP, MY, NL, NO, NZ, PH, PL, PT, SE, SG, TW, US])
Butcher (butcher, [AR, AU, BE, BR, CA, CL, CZ, DK, ES, FI, FR, GB, HK, IE, IT, JP, MX, MY, NL, NO, NZ, PH, PL, PT, SE, SG, TR, TW, US])
CSA (csa, [AT, DE, CH, FR, US])
Chimney Cakes (chimneycakes, [FR, US, PL, CZ])
Churros (churros, [CL, BR, ES, PT, MX, AR])
Cideries (cideries, [AR, AT, AU, BR, CA, CH, CL, CZ, DE, ES, FI, GB, HK, IE, MX, MY, NZ, PH, PL, PT, SE, SG, TW, US])
Coffee & Tea (coffee, All)
Coffee & Tea Supplies (coffeeteasupplies, [AT, AU, BE, CA, CH, DE, DK, FR, GB, HK, IE, JP, NL, NO, NZ, PL, SE, SG, TR, TW])
Coffee Roasteries (coffeeroasteries, All)
Convenience Stores (convenience, [AR, AT, AU, BE, BR, CA, CH, CL, CZ, DE, DK, ES, FR, GB, HK, IE, IT, JP, MX, MY, NL, NO, NZ, PH, PL, PT, SE, SG, TR, TW, US])
Cupcakes (cupcakes, [AR, AT, AU, BE, BR, CH, CL, DE, DK, FI, FR, GB, HK, IE, IT, JP, MX, MY, NL, NO, NZ, PH, PL, PT, SE, SG, TW, US])
Custom Cakes (customcakes, [AR, AU, BE, BR, CA, CL, CZ, DK, ES, FI, GB, HK, IE, IT, JP, MX, MY, NL, NO, NZ, PH, PL, PT, SE, SG, TR, TW, US])
Delicatessen (delicatessen, [AR, AT, AU, BE, BR, CA, CH, CL, CZ, DE, DK, ES, FI, FR, GB, HK, IE, IT, JP, MX, MY, NL, NO, NZ, PH, PL, PT, SE, SG, TR, TW])
Desserts (desserts, All)
Distilleries (distilleries, All)
Do-It-Yourself Food (diyfood, [AR, AU, BE, BR, CA, DK, GB, HK, IE, JP, MY, NL, NO, PH, PL, PT, SG, TR, TW, US])
Donairs (donairs, [BE, FR, CA, DK, CZ, PL, TR])
Donuts (donuts, [AR, AT, AU, BE, BR, CA, CH, CL, CZ, DE, DK, FI, FR, GB, HK, IE, IT, JP, MX, MY, NL, NO, NZ, PH, PL, PT, SE, SG, TR, TW, US])
Empanadas (empanadas, [CL, AR, ES, US])
Ethical Grocery (ethicgrocery, [AR, AU, BR, CA, CL, DK, ES, FI, GB, HK, IE, IT, MX, NO, NZ, PL, PT, SE, SG, TW])
Farmers Market (farmersmarket, All)
Fishmonger (fishmonger, [AT, DE, PT, NL, PL, AU, SE, FI, IT, DK, NO, CZ, CH, BE])
Food Delivery Services (fooddeliveryservices, All)
Food Trucks (foodtrucks, [AR, AT, AU, BE, BR, CA, CH, CL, CZ, DE, DK, ES, FI, FR, GB, HK, IE, IT, JP, MX, MY, NL, NO, NZ, PH, PL, PT, SE, TR, TW, US])
Friterie (friterie, [BE, IT, FR, NL, PL, AU])
Gelato (gelato, [PT, PL, AU, SE, CZ, IT, SG, NO, DK, PH, US])
Grocery (grocery, All)
Hawker Centre (hawkercentre, [TW, HK, MY, MX, CL, SG, PH, AR])
Honey (honey, [DE, PL, SE, TR, FI, IT, FR, US])
Ice Cream & Frozen Yogurt (icecream, All)
Imported Food (importedfood, All)
International Grocery (intlgrocery, All)
Internet Cafes (internetcafe, All)
Japanese Sweets (jpsweets, [JP])
Taiyaki (taiyaki, [JP])
Juice Bars & Smoothies (juicebars, All)
Kiosk (kiosk, [AR, AT, AU, BE, CH, CL, CZ, DE, DK, ES, FI, JP, MX, MY, NL, NO, PH, PL, PT, SE, TR, TW])
Kombucha (kombucha, [US])
Meaderies (meaderies, [AT, ES, DE, MX, PL, CL, CH, AR, US])
Milkshake Bars (milkshakebars, [GB])
Mulled Wine (gluhwein, [AT, DE, CH, CZ, SE])
Nasi Lemak (nasilemak, [MY, SG])
Organic Stores (organic_stores, All)
Panzerotti (panzerotti, [IT])
Parent Cafes (eltern_cafes, [AT, DE, CH])
Patisserie/Cake Shop (cakeshop, All)
Piadina (piadina, [IT, US])
Poke (poke, [AT, IE, BR, DE, NZ, AU, SE, SG, PH, PT, FR, BE, US, GB, NL, MY, PL, CA, CH, NO, DK])
Pretzels (pretzels, [DE, US, CH, PT])
Salumerie (salumerie, [CL, IT, ES, PT, MX, AR])
Shaved Ice (shavedice, [TW, MX, CL, IT, SG, CZ, AR, JP, US])
Shaved Snow (shavedsnow, [TW, SG, HK, CA, MY, US])
Smokehouse (smokehouse, [AT, AU, BE, BR, CA, CH, CZ, DE, DK, ES, FI, GB, HK, IE, JP, MY, NL, NO, NZ, PH, PT, SE, SG, TW, US])
Specialty Food (gourmet, All)
Candy Stores (candy, All)
Cheese Shops (cheese, All)
Chocolatiers & Shops (chocolate, All)
Dagashi (dagashi, [JP])
Dried Fruit (driedfruit, [TW, BR, ES, HK, MX, PL, SE, TR, CL, CZ, AR, JP])
Frozen Food (frozenfood, [GB, IT, FR, ES, SG, BE])
Fruits & Veggies (markets, All)
Health Markets (healthmarkets, All)
Herbs & Spices (herbsandspices, All)
Macarons (macarons, [AR, AT, AU, BE, BR, CA, CH, CL, CZ, DE, DK, ES, FI, FR, GB, HK, IE, JP, MX, NL, NO, NZ, PL, PT, SE, SG, TR, TW, US])
Meat Shops (meats, All)
Olive Oil (oliveoil, [AT, FR, ES, DE, BE, US])
Pasta Shops (pastashops, [GB, IE, AR, NL, NZ, AU, CL, IT, DK, NO, CZ, SG, BE, JP, US])
Popcorn Shops (popcorn, [GB, JP, US])
Seafood Markets (seafoodmarkets, All)
Tofu Shops (tofu, [JP])
Street Vendors (streetvendors, All)
Sugar Shacks (sugarshacks, [CA])
Tea Rooms (tea, All)
Torshi (torshi, [TR])
Tortillas (tortillas, [MX])
Water Stores (waterstores, [BR, MX, CA, US])
Wineries (wineries, [AR, AT, AU, BE, BR, CA, CH, CL, CZ, DE, DK, ES, FR, GB, HK, IE, IT, JP, MX, MY, NL, NO, NZ, PH, PL, PT, SE, SG, TR, TW, US])
Wine Tasting Room (winetastingroom, All)
Zapiekanka (zapiekanka, [PL])